URL,Areas of Study,Page Title,Folder name
https://hypergraphia.com/ScholarlyStanzas/songs/EthicsofScienceCommunication/,Communication Ethics,Ethics of Science Communication,EthicsofScienceCommunication
https://hypergraphia.com/ScholarlyStanzas/songs/RestorativeJusticeTheory/,Communication Ethics,Restorative Justice Theory,RestorativeJusticeTheory
https://hypergraphia.com/ScholarlyStanzas/songs/ActivityTheory/,Communication Theory,Activity Theory,ActivityTheory
https://hypergraphia.com/ScholarlyStanzas/songs/AffectTheoryofSocialExchange/,Communication Theory,Affect Theory of Social Exchange,AffectTheoryofSocialExchange
https://hypergraphia.com/ScholarlyStanzas/songs/AffordanceTheory/,Communication Theory,Affordance Theory,AffordanceTheory
https://hypergraphia.com/ScholarlyStanzas/songs/AttentionEconomyTheory/,Communication Theory,Attention Economy Theory,AttentionEconomyTheory
https://hypergraphia.com/ScholarlyStanzas/songs/AvailabilityHeuristicTheory/,Communication Theory,Availability Heuristic Theory,AvailabilityHeuristicTheory
https://hypergraphia.com/ScholarlyStanzas/songs/ChannelExpansionTheory/,Communication Theory,Channel Expansion Theory,ChannelExpansionTheory
https://hypergraphia.com/ScholarlyStanzas/songs/CognitiveAbsorptionTheory/,Communication Theory,Cognitive Absorption Theory,CognitiveAbsorptionTheory
https://hypergraphia.com/ScholarlyStanzas/songs/CognitiveBiasTheory/,Communication Theory,Cognitive Bias Theory,CognitiveBiasTheory
https://hypergraphia.com/ScholarlyStanzas/songs/CognitiveDissonanceTheory/,Communication Theory,Cognitive Dissonance Theory,CognitiveDissonanceTheory
https://hypergraphia.com/ScholarlyStanzas/songs/CognitiveFlexibilityTheory/,Communication Theory,Cognitive Flexibility Theory,CognitiveFlexibilityTheory
https://hypergraphia.com/ScholarlyStanzas/songs/CognitiveMediationModel/,Communication Theory,Cognitive Mediation Model,CognitiveMediationModel
https://hypergraphia.com/ScholarlyStanzas/songs/CommunicationPrivacyManagementTheory/,Communication Theory,Communication Privacy Management Theory,CommunicationPrivacyManagementTheory
https://hypergraphia.com/ScholarlyStanzas/songs/CommunicationTheoryofIdentity/,Communication Theory,Communication Theory of Identity,CommunicationTheoryofIdentity
https://hypergraphia.com/ScholarlyStanzas/songs/CommunicationTheoryofResilience/,Communication Theory,Communication Theory of Resilience,CommunicationTheoryofResilience
https://hypergraphia.com/ScholarlyStanzas/songs/ConfirmationBiasTheory/,Communication Theory,Confirmation Bias Theory,ConfirmationBiasTheory
https://hypergraphia.com/ScholarlyStanzas/songs/CongruityTheory/,Communication Theory,Congruity Theory,CongruityTheory
https://hypergraphia.com/ScholarlyStanzas/songs/ConnectiveActionTheory/,Communication Theory,Connective Action Theory,ConnectiveActionTheory
https://hypergraphia.com/ScholarlyStanzas/songs/Constructivism/,Communication Theory,Constructivism,Constructivism
https://hypergraphia.com/ScholarlyStanzas/songs/ContextualModel/,Communication Theory,Contextual Model,ContextualModel
https://hypergraphia.com/ScholarlyStanzas/songs/CriticalCodeStudies/,Communication Theory,Critical Code Studies,CriticalCodeStudies
https://hypergraphia.com/ScholarlyStanzas/songs/CriticalDiscourseAnalysis/,Communication Theory,Critical Discourse Analysis,CriticalDiscourseAnalysis
https://hypergraphia.com/ScholarlyStanzas/songs/CriticalLiteracyTheory/,Communication Theory,Critical Literacy Theory,CriticalLiteracyTheory
https://hypergraphia.com/ScholarlyStanzas/songs/CriticalTheoryofCommunication/,Communication Theory,Critical Theory of Communication,CriticalTheoryofCommunication
https://hypergraphia.com/ScholarlyStanzas/songs/CultivationAnalysis/,Communication Theory,Cultivation Analysis,CultivationAnalysis
https://hypergraphia.com/ScholarlyStanzas/songs/CultivationDifferentialTheory/,Communication Theory,Cultivation Differential Theory,CultivationDifferentialTheory
https://hypergraphia.com/ScholarlyStanzas/songs/CulturalLogicofConvergence/,Communication Theory,Cultural Logic of Convergence,CulturalLogicofConvergence
https://hypergraphia.com/ScholarlyStanzas/songs/DiffusionofInnovationsTheory/,Communication Theory,Diffusion of Innovations Theory,DiffusionofInnovationsTheory
https://hypergraphia.com/ScholarlyStanzas/songs/DigitalDivideTheory/,Communication Theory,Digital Divide Theory,DigitalDivideTheory
https://hypergraphia.com/ScholarlyStanzas/songs/DigitalLaborTheory/,Communication Theory,Digital Labor Theory,DigitalLaborTheory
https://hypergraphia.com/ScholarlyStanzas/songs/DigitalRhetoricTheory/,Communication Theory,Digital Rhetoric Theory,DigitalRhetoricTheory
https://hypergraphia.com/ScholarlyStanzas/songs/DistributedCognitionTheory/,Communication Theory,Distributed Cognition Theory,DistributedCognitionTheory
https://hypergraphia.com/ScholarlyStanzas/songs/DistributiveJusticeTheory/,Communication Theory,Distributive Justice Theory,DistributiveJusticeTheory
https://hypergraphia.com/ScholarlyStanzas/songs/DomesticationTheory/,Communication Theory,Domestication Theory,DomesticationTheory
https://hypergraphia.com/ScholarlyStanzas/songs/DualCodingTheory/,Communication Theory,Dual Coding Theory,DualCodingTheory
https://hypergraphia.com/ScholarlyStanzas/songs/DualProcessTheory/,Communication Theory,Dual Process Theory,DualProcessTheory
https://hypergraphia.com/ScholarlyStanzas/songs/EchoChamberTheory/,Communication Theory,Echo Chamber Theory,EchoChamberTheory
https://hypergraphia.com/ScholarlyStanzas/songs/FantasyThemeAnalysis/,Communication Theory,Fantasy Theme Analysis,FantasyThemeAnalysis
https://hypergraphia.com/ScholarlyStanzas/songs/FlowTheory/,Communication Theory,Flow Theory,FlowTheory
https://hypergraphia.com/ScholarlyStanzas/songs/FrameAnalysis/,Communication Theory,Frame Analysis,FrameAnalysis
https://hypergraphia.com/ScholarlyStanzas/songs/GameTheory/,Communication Theory,Game Theory,GameTheory
https://hypergraphia.com/ScholarlyStanzas/songs/GatekeepingTheory/,Communication Theory,Gatekeeping Theory,GatekeepingTheory
https://hypergraphia.com/ScholarlyStanzas/songs/GoffmansDramaturgicalTheory/,Communication Theory,Goffman's Dramaturgical Theory,GoffmansDramaturgicalTheory
https://hypergraphia.com/ScholarlyStanzas/songs/GricesCooperativePrinciple/,Communication Theory,Grice's Cooperative Principle,GricesCooperativePrinciple
https://hypergraphia.com/ScholarlyStanzas/songs/HaloEffectTheory/,Communication Theory,Halo Effect Theory,HaloEffectTheory
https://hypergraphia.com/ScholarlyStanzas/songs/HegemonyTheory/,Communication Theory,Hegemony Theory,HegemonyTheory
https://hypergraphia.com/ScholarlyStanzas/songs/HeuristicsandBiasesApproach/,Communication Theory,Heuristics and Biases Approach,HeuristicsandBiasesApproach
https://hypergraphia.com/ScholarlyStanzas/songs/HierarchyofInfluencesModel/,Communication Theory,Hierarchy of Influences Model,HierarchyofInfluencesModel
https://hypergraphia.com/ScholarlyStanzas/songs/HostileMediaPerception/,Communication Theory,Hostile Media Perception,HostileMediaPerception
https://hypergraphia.com/ScholarlyStanzas/songs/InformationEcologyTheory/,Communication Theory,Information Ecology Theory,InformationEcologyTheory
https://hypergraphia.com/ScholarlyStanzas/songs/InformationIntegrationTheory/,Communication Theory,Information Integration Theory,InformationIntegrationTheory
https://hypergraphia.com/ScholarlyStanzas/songs/InformationProcessingTheory/,Communication Theory,Information Processing Theory,InformationProcessingTheory
https://hypergraphia.com/ScholarlyStanzas/songs/InformationSeekingTheory/,Communication Theory,Information Seeking Theory,InformationSeekingTheory
https://hypergraphia.com/ScholarlyStanzas/songs/InformationTheory/,Communication Theory,Information Theory,InformationTheory
https://hypergraphia.com/ScholarlyStanzas/songs/IntegratedModelofBehaviorPrediction/,Communication Theory,Integrated Model of Behavior Prediction,IntegratedModelofBehaviorPrediction
https://hypergraphia.com/ScholarlyStanzas/songs/IntegrativeComplexityTheory/,Communication Theory,Integrative Complexity Theory,IntegrativeComplexityTheory
https://hypergraphia.com/ScholarlyStanzas/songs/IntertextualityTheory/,Communication Theory,Intertextuality Theory,IntertextualityTheory
https://hypergraphia.com/ScholarlyStanzas/songs/KennethBurkesDramatism/,Communication Theory,Kenneth Burke's Dramatism,KennethBurkesDramatism
https://hypergraphia.com/ScholarlyStanzas/songs/KnowledgeGapTheory/,Communication Theory,Knowledge Gap Theory,KnowledgeGapTheory
https://hypergraphia.com/ScholarlyStanzas/songs/LimitedEffectsTheory/,Communication Theory,Limited Effects Theory,LimitedEffectsTheory
https://hypergraphia.com/ScholarlyStanzas/songs/MaslowsHierarchyofNeeds/,Communication Theory,Maslow's Hierarchy of Needs,MaslowsHierarchyofNeeds
https://hypergraphia.com/ScholarlyStanzas/songs/MediaRichnessTheory/,Communication Theory,Media Richness Theory,MediaRichnessTheory
https://hypergraphia.com/ScholarlyStanzas/songs/MediatedActionTheory/,Communication Theory,Mediated Action Theory,MediatedActionTheory
https://hypergraphia.com/ScholarlyStanzas/songs/MediationTheory/,Communication Theory,Mediation Theory,MediationTheory
https://hypergraphia.com/ScholarlyStanzas/songs/MentalModelsTheory/,Communication Theory,Mental Models Theory,MentalModelsTheory
https://hypergraphia.com/ScholarlyStanzas/songs/MinimalEffectsHypothesis/,Communication Theory,Minimal Effects Hypothesis,MinimalEffectsHypothesis
https://hypergraphia.com/ScholarlyStanzas/songs/MultimodalityTheory/,Communication Theory,Multimodality Theory,MultimodalityTheory
https://hypergraphia.com/ScholarlyStanzas/songs/MultistepFlowModel/,Communication Theory,Multistep Flow Model,MultistepFlowModel
https://hypergraphia.com/ScholarlyStanzas/songs/NarrativeAnalysis/,Communication Theory,Narrative Analysis,NarrativeAnalysis
https://hypergraphia.com/ScholarlyStanzas/songs/NetworkGatekeepingTheory/,Communication Theory,Network Gatekeeping Theory,NetworkGatekeepingTheory
https://hypergraphia.com/ScholarlyStanzas/songs/NetworkTheory/,Communication Theory,Network Theory,NetworkTheory
https://hypergraphia.com/ScholarlyStanzas/songs/NonviolentCommunicationTheory/,Communication Theory,Nonviolent Communication Theory,NonviolentCommunicationTheory
https://hypergraphia.com/ScholarlyStanzas/songs/OptimalDistinctivenessTheory/,Communication Theory,Optimal Distinctiveness Theory,OptimalDistinctivenessTheory
https://hypergraphia.com/ScholarlyStanzas/songs/PerformativityTheory/,Communication Theory,Performativity Theory,PerformativityTheory
https://hypergraphia.com/ScholarlyStanzas/songs/PositioningTheory/,Communication Theory,Positioning Theory,PositioningTheory
https://hypergraphia.com/ScholarlyStanzas/songs/PrimingTheory/,Communication Theory,Priming Theory,PrimingTheory
https://hypergraphia.com/ScholarlyStanzas/songs/PrivacyCalculusTheory/,Communication Theory,Privacy Calculus Theory,PrivacyCalculusTheory
https://hypergraphia.com/ScholarlyStanzas/songs/ProceduralJusticeTheory/,Communication Theory,Procedural Justice Theory,ProceduralJusticeTheory
https://hypergraphia.com/ScholarlyStanzas/songs/PsychometricParadigm/,Communication Theory,Psychometric Paradigm,PsychometricParadigm
https://hypergraphia.com/ScholarlyStanzas/songs/ReceptionTheory/,Communication Theory,Reception Theory,ReceptionTheory
https://hypergraphia.com/ScholarlyStanzas/songs/ReducedSocialCuesApproach/,Communication Theory,Reduced Social Cues Approach,ReducedSocialCuesApproach
https://hypergraphia.com/ScholarlyStanzas/songs/RelationalFramingTheory/,Communication Theory,Relational Framing Theory,RelationalFramingTheory
https://hypergraphia.com/ScholarlyStanzas/songs/RelevanceTheory/,Communication Theory,Relevance Theory,RelevanceTheory
https://hypergraphia.com/ScholarlyStanzas/songs/ResilienceTheory/,Communication Theory,Resilience Theory,ResilienceTheory
https://hypergraphia.com/ScholarlyStanzas/songs/ResonanceTheory/,Communication Theory,Resonance Theory,ResonanceTheory
https://hypergraphia.com/ScholarlyStanzas/songs/SchemaTheory/,Communication Theory,Schema Theory,SchemaTheory
https://hypergraphia.com/ScholarlyStanzas/songs/SchwartzsTheoryofBasicHumanValues/,Communication Theory,Schwartz's Theory of Basic Human Values,SchwartzsTheoryofBasicHumanValues
https://hypergraphia.com/ScholarlyStanzas/songs/SelectiveExposureTheory/,Communication Theory,Selective Exposure Theory,SelectiveExposureTheory
https://hypergraphia.com/ScholarlyStanzas/songs/SelectivePerceptionTheory/,Communication Theory,Selective Perception Theory,SelectivePerceptionTheory
https://hypergraphia.com/ScholarlyStanzas/songs/SelectiveRetentionTheory/,Communication Theory,Selective Retention Theory,SelectiveRetentionTheory
https://hypergraphia.com/ScholarlyStanzas/songs/SensemakingTheory/,Communication Theory,Sensemaking Theory,SensemakingTheory
https://hypergraphia.com/ScholarlyStanzas/songs/SituatedCognitionTheory/,Communication Theory,Situated Cognition Theory,SituatedCognitionTheory
https://hypergraphia.com/ScholarlyStanzas/songs/SocialCognitiveTheory/,Communication Theory,Social Cognitive Theory,SocialCognitiveTheory
https://hypergraphia.com/ScholarlyStanzas/songs/SocialConstructionofRealityTheory/,Communication Theory,Social Construction of Reality Theory,SocialConstructionofRealityTheory
https://hypergraphia.com/ScholarlyStanzas/songs/SocialConstructionofTechnology/,Communication Theory,Social Construction of Technology,SocialConstructionofTechnology
https://hypergraphia.com/ScholarlyStanzas/songs/SocialConstructionism/,Communication Theory,Social Constructionism,SocialConstructionism
https://hypergraphia.com/ScholarlyStanzas/songs/SocialLearningTheory/,Communication Theory,Social Learning Theory,SocialLearningTheory
https://hypergraphia.com/ScholarlyStanzas/songs/SocialNetworkAnalysis/,Communication Theory,Social Network Analysis,SocialNetworkAnalysis
https://hypergraphia.com/ScholarlyStanzas/songs/SocialNetworkTheory/,Communication Theory,Social Network Theory,SocialNetworkTheory
https://hypergraphia.com/ScholarlyStanzas/songs/SocialNormsTheory/,Communication Theory,Social Norms Theory,SocialNormsTheory
https://hypergraphia.com/ScholarlyStanzas/songs/SocialPowerTheory/,Communication Theory,Social Power Theory,SocialPowerTheory
https://hypergraphia.com/ScholarlyStanzas/songs/SocialRepresentationTheory/,Communication Theory,Social Representation Theory,SocialRepresentationTheory
https://hypergraphia.com/ScholarlyStanzas/songs/SocialShapingofTechnologyTheory/,Communication Theory,Social Shaping of Technology Theory,SocialShapingofTechnologyTheory
https://hypergraphia.com/ScholarlyStanzas/songs/SpiralofSilenceTheory/,Communication Theory,Spiral of Silence Theory,SpiralofSilenceTheory
https://hypergraphia.com/ScholarlyStanzas/songs/StephenToulminsArgumentationModel/,Communication Theory,Stephen Toulmin's Argumentation Model,StephenToulminsArgumentationModel
https://hypergraphia.com/ScholarlyStanzas/songs/StructurationTheory/,Communication Theory,Structuration Theory,StructurationTheory
https://hypergraphia.com/ScholarlyStanzas/songs/SymbolicInteractionismTheory/,Communication Theory,Symbolic Interactionism Theory,SymbolicInteractionismTheory
https://hypergraphia.com/ScholarlyStanzas/songs/TechnologicalDeterminismTheory/,Communication Theory,Technological Determinism Theory,TechnologicalDeterminismTheory
https://hypergraphia.com/ScholarlyStanzas/songs/TechnologyAcceptanceModel/,Communication Theory,Technology Acceptance Model,TechnologyAcceptanceModel
https://hypergraphia.com/ScholarlyStanzas/songs/UsesandDependencyModel/,Communication Theory,Uses and Dependency Model,UsesandDependencyModel
https://hypergraphia.com/ScholarlyStanzas/songs/UsesandGratificationsTheory/,Communication Theory,Uses and Gratifications Theory,UsesandGratificationsTheory

https://hypergraphia.com/ScholarlyStanzas/songs/UsesandGratificationsTheoryinInternationalContext/
Communication Theory,
Uses and Gratifications Theory in International Context

UsesandGratificationsTheoryinInternationalContext
https://hypergraphia.com/ScholarlyStanzas/songs/CyberbullyingTheory/,Computer-Mediated Communication,Cyberbullying Theory,CyberbullyingTheory
https://hypergraphia.com/ScholarlyStanzas/songs/HyperpersonalCommunicationModel/,Computer-Mediated Communication,Hyperpersonal Communication Model,HyperpersonalCommunicationModel
https://hypergraphia.com/ScholarlyStanzas/songs/InternetAddictionTheory/,Computer-Mediated Communication,Internet Addiction Theory,InternetAddictionTheory
https://hypergraphia.com/ScholarlyStanzas/songs/MediaSynchronicityTheory/,Computer-Mediated Communication,Media Synchronicity Theory,MediaSynchronicityTheory
https://hypergraphia.com/ScholarlyStanzas/songs/NetworkedIndividualismTheory/,Computer-Mediated Communication,Networked Individualism Theory,NetworkedIndividualismTheory
https://hypergraphia.com/ScholarlyStanzas/songs/OnlineCommunicationCompetenceTheory/,Computer-Mediated Communication,Online Communication Competence Theory,OnlineCommunicationCompetenceTheory
https://hypergraphia.com/ScholarlyStanzas/songs/OnlineCommunitiesTheory/,Computer-Mediated Communication,Online Communities Theory,OnlineCommunitiesTheory
https://hypergraphia.com/ScholarlyStanzas/songs/OnlineDisinhibitionEffect/,Computer-Mediated Communication,Online Disinhibition Effect,OnlineDisinhibitionEffect
https://hypergraphia.com/ScholarlyStanzas/songs/OnlineFlowTheory/,Computer-Mediated Communication,Online Flow Theory,OnlineFlowTheory
https://hypergraphia.com/ScholarlyStanzas/songs/SocialInformationProcessingTheory/,Computer-Mediated Communication,Social Information Processing Theory,SocialInformationProcessingTheory
https://hypergraphia.com/ScholarlyStanzas/songs/SocialPresenceTheory/,Computer-Mediated Communication,Social Presence Theory,SocialPresenceTheory
https://hypergraphia.com/ScholarlyStanzas/songs/CrisisInformaticsTheory/,Crisis Communication,Crisis Informatics Theory,CrisisInformaticsTheory
https://hypergraphia.com/ScholarlyStanzas/songs/DigitalCrisisCommunicationTheory/,Crisis Communication,Digital Crisis Communication Theory,DigitalCrisisCommunicationTheory
https://hypergraphia.com/ScholarlyStanzas/songs/ImageRepairTheory/,Crisis Communication,Image Repair Theory,ImageRepairTheory
https://hypergraphia.com/ScholarlyStanzas/songs/ProtectiveActionDecisionModel/,Crisis Communication,Protective Action Decision Model,ProtectiveActionDecisionModel
https://hypergraphia.com/ScholarlyStanzas/songs/SituationalCrisisCommunicationTheory/,Crisis Communication,Situational Crisis Communication Theory,SituationalCrisisCommunicationTheory
https://hypergraphia.com/ScholarlyStanzas/songs/DependencyTheory/,Development Communication,Dependency Theory,DependencyTheory
https://hypergraphia.com/ScholarlyStanzas/songs/EmpowermentTheory/,Development Communication,Empowerment Theory,EmpowermentTheory
https://hypergraphia.com/ScholarlyStanzas/songs/CognitiveLoadTheory/,Educational Communication,Cognitive Load Theory,CognitiveLoadTheory
https://hypergraphia.com/ScholarlyStanzas/songs/CognitiveTheoryofMultimediaLearning/,Educational Communication,Cognitive Theory of Multimedia Learning,CognitiveTheoryofMultimediaLearning
https://hypergraphia.com/ScholarlyStanzas/songs/ConnectivismLearningTheory/,Educational Communication,Connectivism Learning Theory,ConnectivismLearningTheory
https://hypergraphia.com/ScholarlyStanzas/songs/EnergyCommunication/,Energy Communication,Energy Communication,EnergyCommunication
https://hypergraphia.com/ScholarlyStanzas/songs/ParasocialInteractionTheory/,Entertainment Communication,Parasocial Interaction Theory,ParasocialInteractionTheory
https://hypergraphia.com/ScholarlyStanzas/songs/AdaptiveManagementTheory/,Environmental Communication,Adaptive Management Theory,AdaptiveManagementTheory
https://hypergraphia.com/ScholarlyStanzas/songs/AttentionRestorationTheory/,Environmental Communication,Attention Restoration Theory,AttentionRestorationTheory
https://hypergraphia.com/ScholarlyStanzas/songs/ClimateChangeCommunication/,Environmental Communication,Climate Change Communication,ClimateChangeCommunication
https://hypergraphia.com/ScholarlyStanzas/songs/CulturalStudiesandEnvironmentalCommunication/,Environmental Communication,
Cultural Studies and Environmental Communication
CulturalStudiesandEnvironmentalCommunication
https://hypergraphia.com/ScholarlyStanzas/songs/CulturalTheoryofRisk/,Environmental Communication,Cultural Theory of Risk,CulturalTheoryofRisk
https://hypergraphia.com/ScholarlyStanzas/songs/EcocriticismandMediaStudies/,Environmental Communication,Ecocriticism and Media Studies,EcocriticismandMediaStudies
https://hypergraphia.com/ScholarlyStanzas/songs/EnvironmentalDiscourseAnalysis/,Environmental Communication,Environmental Discourse Analysis,EnvironmentalDiscourseAnalysis
https://hypergraphia.com/ScholarlyStanzas/songs/EnvironmentalJusticeFramework/,Environmental Communication,Environmental Justice Framework,EnvironmentalJusticeFramework
https://hypergraphia.com/ScholarlyStanzas/songs/EnvironmentalRiskCommunication/,Environmental Communication,Environmental Risk Communication,EnvironmentalRiskCommunication
https://hypergraphia.com/ScholarlyStanzas/songs/PrecautionaryPrincipleinCommunication/,Environmental Communication,Precautionary Principle in Communication,PrecautionaryPrincipleinCommunication

https://hypergraphia.com/ScholarlyStanzas/songs/PublicSphereTheoryandEnvironmentalCommunication/
Environmental Communication,
Public Sphere Theory and Environmental Communication

PublicSphereTheoryandEnvironmentalCommunication
https://hypergraphia.com/ScholarlyStanzas/songs/BechdelTest/,Gender and Communication,Bechdel Test,BechdelTest
https://hypergraphia.com/ScholarlyStanzas/songs/Cyberfeminism/,Gender and Communication,Cyberfeminism,Cyberfeminism
https://hypergraphia.com/ScholarlyStanzas/songs/DoingGenderTheory/,Gender and Communication,Doing Gender Theory,DoingGenderTheory
https://hypergraphia.com/ScholarlyStanzas/songs/FemaleGazeTheory/,Gender and Communication,Female Gaze Theory,FemaleGazeTheory
https://hypergraphia.com/ScholarlyStanzas/songs/FeministMediaTheory/,Gender and Communication,Feminist Media Theory,FeministMediaTheory
https://hypergraphia.com/ScholarlyStanzas/songs/FeministRhetoricTheory/,Gender and Communication,Feminist Rhetoric Theory,FeministRhetoricTheory
https://hypergraphia.com/ScholarlyStanzas/songs/FeministStandpointTheory/,Gender and Communication,Feminist Standpoint Theory,FeministStandpointTheory
https://hypergraphia.com/ScholarlyStanzas/songs/GenderandPowerTheory/,Gender and Communication,Gender and Power Theory,GenderandPowerTheory
https://hypergraphia.com/ScholarlyStanzas/songs/GenderSchemaTheory/,Gender and Communication,Gender Schema Theory,GenderSchemaTheory
https://hypergraphia.com/ScholarlyStanzas/songs/HegemonicMasculinityTheory/,Gender and Communication,Hegemonic Masculinity Theory,HegemonicMasculinityTheory
https://hypergraphia.com/ScholarlyStanzas/songs/IntersectionalityTheory/,Gender and Communication,Intersectionality Theory,IntersectionalityTheory
https://hypergraphia.com/ScholarlyStanzas/songs/MaleGazeTheory/,Gender and Communication,Male Gaze Theory,MaleGazeTheory
https://hypergraphia.com/ScholarlyStanzas/songs/MutedGroupTheory/,Gender and Communication,Muted Group Theory,MutedGroupTheory
https://hypergraphia.com/ScholarlyStanzas/songs/ObjectificationTheory/,Gender and Communication,Objectification Theory,ObjectificationTheory
https://hypergraphia.com/ScholarlyStanzas/songs/PoststructuralFeminismandGender/,Gender and Communication,Poststructural Feminism and Gender,PoststructuralFeminismandGender
https://hypergraphia.com/ScholarlyStanzas/songs/QueerTheory/,Gender and Communication,Queer Theory,QueerTheory
https://hypergraphia.com/ScholarlyStanzas/songs/SocialRoleTheory/,Gender and Communication,Social Role Theory,SocialRoleTheory
https://hypergraphia.com/ScholarlyStanzas/songs/StandpointTheory/,Gender and Communication,Standpoint Theory,StandpointTheory
https://hypergraphia.com/ScholarlyStanzas/songs/SymbolicAnnihilationTheory/,Gender and Communication,Symbolic Annihilation Theory,SymbolicAnnihilationTheory
https://hypergraphia.com/ScholarlyStanzas/songs/GroupthinkTheory/,Group Communication,Groupthink Theory,GroupthinkTheory
https://hypergraphia.com/ScholarlyStanzas/songs/CulturalCompetenceinHealthCommunication/,Health Communication,Cultural Competence in Health Communication,CulturalCompetenceinHealthCommunication
https://hypergraphia.com/ScholarlyStanzas/songs/ExtendedParallelProcessModel/,Health Communication,Extended Parallel Process Model,ExtendedParallelProcessModel
https://hypergraphia.com/ScholarlyStanzas/songs/HealthBeliefModel/,Health Communication,Health Belief Model,HealthBeliefModel
https://hypergraphia.com/ScholarlyStanzas/songs/HealthCommunicationandSocialNetworks/,Health Communication,Health Communication and Social Networks,HealthCommunicationandSocialNetworks
https://hypergraphia.com/ScholarlyStanzas/songs/HealthInformationSeekingModels/,Health Communication,Health Information Seeking Models,HealthInformationSeekingModels
https://hypergraphia.com/ScholarlyStanzas/songs/PersuasiveHealthMessagesFramework/,Health Communication,Persuasive Health Messages Framework,PersuasiveHealthMessagesFramework
https://hypergraphia.com/ScholarlyStanzas/songs/PrecautionAdoptionProcessModel/,Health Communication,Precaution Adoption Process Model,PrecautionAdoptionProcessModel
https://hypergraphia.com/ScholarlyStanzas/songs/ProtectionMotivationTheory/,Health Communication,Protection Motivation Theory,ProtectionMotivationTheory
https://hypergraphia.com/ScholarlyStanzas/songs/RiskCommunicationModel/,Health Communication,Risk Communication Model,RiskCommunicationModel
https://hypergraphia.com/ScholarlyStanzas/songs/RiskPerceptionModel/,Health Communication,Risk Perception Model,RiskPerceptionModel
https://hypergraphia.com/ScholarlyStanzas/songs/SocialEcologicalModel/,Health Communication,Social Ecological Model,SocialEcologicalModel
https://hypergraphia.com/ScholarlyStanzas/songs/SocialSupportTheory/,Health Communication,Social Support Theory,SocialSupportTheory
https://hypergraphia.com/ScholarlyStanzas/songs/CommunicationAccommodationTheory/,Intercultural Communication,Communication Accommodation Theory,CommunicationAccommodationTheory
https://hypergraphia.com/ScholarlyStanzas/songs/CommunicativeCompetenceTheory/,Intercultural Communication,Communicative Competence Theory,CommunicativeCompetenceTheory
https://hypergraphia.com/ScholarlyStanzas/songs/CulturalDimensionsTheory/,Intercultural Communication,Cultural Dimensions Theory,CulturalDimensionsTheory
https://hypergraphia.com/ScholarlyStanzas/songs/CulturalProximityTheory/,Intercultural Communication,Cultural Proximity Theory,CulturalProximityTheory
https://hypergraphia.com/ScholarlyStanzas/songs/CulturalSynergyModel/,Intercultural Communication,Cultural Synergy Model,CulturalSynergyModel
https://hypergraphia.com/ScholarlyStanzas/songs/CultureShockandAdaptation/,Intercultural Communication,Culture Shock and Adaptation,CultureShockandAdaptation

https://hypergraphia.com/ScholarlyStanzas/songs/DialecticalApproachtoInterculturalCommunication/
Intercultural Communication,
Dialectical Approach to Intercultural Communication
DialecticalApproachtoInterculturalCommunication
https://hypergraphia.com/ScholarlyStanzas/songs/DistributiveNegotiationTheory/,Intercultural Communication,Distributive Negotiation Theory,DistributiveNegotiationTheory
https://hypergraphia.com/ScholarlyStanzas/songs/EthnocentrismandCulturalRelativism/,Intercultural Communication,Ethnocentrism and Cultural Relativism,EthnocentrismandCulturalRelativism
https://hypergraphia.com/ScholarlyStanzas/songs/EthnographyofCommunication/,Intercultural Communication,Ethnography of Communication,EthnographyofCommunication
https://hypergraphia.com/ScholarlyStanzas/songs/HighandLowContextCommunicationTheory/,Intercultural Communication,High and Low Context Communication Theory,HighandLowContextCommunicationTheory
https://hypergraphia.com/ScholarlyStanzas/songs/HybridityTheory/,Intercultural Communication,Hybridity Theory,HybridityTheory
https://hypergraphia.com/ScholarlyStanzas/songs/IntegrativeNegotiationTheory/,Intercultural Communication,Integrative Negotiation Theory,IntegrativeNegotiationTheory
https://hypergraphia.com/ScholarlyStanzas/songs/InterculturalCommunicationApprehension/,Intercultural Communication,Intercultural Communication Apprehension,InterculturalCommunicationApprehension
https://hypergraphia.com/ScholarlyStanzas/songs/InterculturalCommunicationCompetence/,Intercultural Communication,Intercultural Communication Competence,InterculturalCommunicationCompetence
https://hypergraphia.com/ScholarlyStanzas/songs/InterculturalCommunicationCompetenceTheory/,Intercultural Communication,Intercultural Communication Competence Theory,InterculturalCommunicationCompetenceTheory
https://hypergraphia.com/ScholarlyStanzas/songs/InterculturalRhetoric/,Intercultural Communication,Intercultural Rhetoric,InterculturalRhetoric
https://hypergraphia.com/ScholarlyStanzas/songs/InterculturalSensitivityModel/,Intercultural Communication,Intercultural Sensitivity Model,InterculturalSensitivityModel
https://hypergraphia.com/ScholarlyStanzas/songs/InterculturalTransformationTheory/,Intercultural Communication,Intercultural Transformation Theory,InterculturalTransformationTheory
https://hypergraphia.com/ScholarlyStanzas/songs/InterlanguagePragmatics/,Intercultural Communication,Interlanguage Pragmatics,InterlanguagePragmatics
https://hypergraphia.com/ScholarlyStanzas/songs/ThirdCultureBuilding/,Intercultural Communication,Third Culture Building,ThirdCultureBuilding
https://hypergraphia.com/ScholarlyStanzas/songs/TransformativeMediationTheory/,Intercultural Communication,Transformative Mediation Theory,TransformativeMediationTheory

https://hypergraphia.com/ScholarlyStanzas/songs/TrompenaarsModelofNationalCultureDifferences/
Intercultural Communication,
Trompenaars' Model of National Culture Differences
TrompenaarsModelofNationalCultureDifferences
https://hypergraphia.com/ScholarlyStanzas/songs/UncertaintyAvoidanceTheory/,Intercultural Communication,Uncertainty Avoidance Theory,UncertaintyAvoidanceTheory
https://hypergraphia.com/ScholarlyStanzas/songs/WorldviewTheory/,Intercultural Communication,Worldview Theory,WorldviewTheory
https://hypergraphia.com/ScholarlyStanzas/songs/CommonIdentityandCommonBondTheory/,Intergroup Communication,Common Identity and Common Bond Theory,CommonIdentityandCommonBondTheory
https://hypergraphia.com/ScholarlyStanzas/songs/DualConcernTheory/,Intergroup Communication,Dual Concern Theory,DualConcernTheory
https://hypergraphia.com/ScholarlyStanzas/songs/ImplicitBiasTheory/,Intergroup Communication,Implicit Bias Theory,ImplicitBiasTheory
https://hypergraphia.com/ScholarlyStanzas/songs/RealisticConflictTheory/,Intergroup Communication,Realistic Conflict Theory,RealisticConflictTheory
https://hypergraphia.com/ScholarlyStanzas/songs/RelativeDeprivationTheory/,Intergroup Communication,Relative Deprivation Theory,RelativeDeprivationTheory
https://hypergraphia.com/ScholarlyStanzas/songs/SocialIdentityTheory/,Intergroup Communication,Social Identity Theory,SocialIdentityTheory
https://hypergraphia.com/ScholarlyStanzas/songs/StereotypeContentModel/,Intergroup Communication,Stereotype Content Model,StereotypeContentModel
https://hypergraphia.com/ScholarlyStanzas/songs/CulturalGlobalizationTheory/,International and Global Communication,Cultural Globalization Theory,CulturalGlobalizationTheory
https://hypergraphia.com/ScholarlyStanzas/songs/CulturalImperialismTheory/,International and Global Communication,Cultural Imperialism Theory,CulturalImperialismTheory
https://hypergraphia.com/ScholarlyStanzas/songs/DigitalDivideTheoryinInternationalContext/,International and Global Communication,Digital Divide Theory in International Context,DigitalDivideTheoryinInternationalContext
https://hypergraphia.com/ScholarlyStanzas/songs/GlobalizationTheory/,International and Global Communication,Globalization Theory,GlobalizationTheory
https://hypergraphia.com/ScholarlyStanzas/songs/GlocalizationTheory/,International and Global Communication,Glocalization Theory,GlocalizationTheory
https://hypergraphia.com/ScholarlyStanzas/songs/InternationalNewsFlowTheory/,International and Global Communication,International News Flow Theory,InternationalNewsFlowTheory
https://hypergraphia.com/ScholarlyStanzas/songs/NetworkSocietyTheoryinInternationalContext/,International and Global Communication,Network Society Theory in International Context,NetworkSocietyTheoryinInternationalContext
https://hypergraphia.com/ScholarlyStanzas/songs/PublicDiplomacyTheory/,International and Global Communication,Public Diplomacy Theory,PublicDiplomacyTheory
https://hypergraphia.com/ScholarlyStanzas/songs/SoftPowerTheory/,International and Global Communication,Soft Power Theory,SoftPowerTheory
https://hypergraphia.com/ScholarlyStanzas/songs/WorldSystemsTheory/,International and Global Communication,World Systems Theory,WorldSystemsTheory
https://hypergraphia.com/ScholarlyStanzas/songs/AffectionExchangeTheory/,Interpersonal Communication,Affection Exchange Theory,AffectionExchangeTheory
https://hypergraphia.com/ScholarlyStanzas/songs/ApologyTheory/,Interpersonal Communication,Apology Theory,ApologyTheory
https://hypergraphia.com/ScholarlyStanzas/songs/AttachmentTheory/,Interpersonal Communication,Attachment Theory,AttachmentTheory
https://hypergraphia.com/ScholarlyStanzas/songs/AttributionTheory/,Interpersonal Communication,Attribution Theory,AttributionTheory
https://hypergraphia.com/ScholarlyStanzas/songs/ConflictCoachingTheory/,Interpersonal Communication,Conflict Coaching Theory,ConflictCoachingTheory
https://hypergraphia.com/ScholarlyStanzas/songs/ConflictEscalationModel/,Interpersonal Communication,Conflict Escalation Model,ConflictEscalationModel
https://hypergraphia.com/ScholarlyStanzas/songs/CooperativeandCompetitiveConflictTheory/,Interpersonal Communication,Cooperative and Competitive Conflict Theory,CooperativeandCompetitiveConflictTheory
https://hypergraphia.com/ScholarlyStanzas/songs/EmotionalContagionTheory/,Interpersonal Communication,Emotional Contagion Theory,EmotionalContagionTheory
https://hypergraphia.com/ScholarlyStanzas/songs/EmpathyTheory/,Interpersonal Communication,Empathy Theory,EmpathyTheory
https://hypergraphia.com/ScholarlyStanzas/songs/EquityTheory/,Interpersonal Communication,Equity Theory,EquityTheory
https://hypergraphia.com/ScholarlyStanzas/songs/ExpectancyViolationsTheory/,Interpersonal Communication,Expectancy Violations Theory,ExpectancyViolationsTheory
https://hypergraphia.com/ScholarlyStanzas/songs/FaceworkTheory/,Interpersonal Communication,Facework Theory,FaceworkTheory
https://hypergraphia.com/ScholarlyStanzas/songs/ForgivenessandReconciliationTheory/,Interpersonal Communication,Forgiveness and Reconciliation Theory,ForgivenessandReconciliationTheory
https://hypergraphia.com/ScholarlyStanzas/songs/IdentityManagementTheory/,Interpersonal Communication,Identity Management Theory,IdentityManagementTheory
https://hypergraphia.com/ScholarlyStanzas/songs/InteractionAdaptationTheory/,Interpersonal Communication,Interaction Adaptation Theory,InteractionAdaptationTheory
https://hypergraphia.com/ScholarlyStanzas/songs/InterdependenceTheory/,Interpersonal Communication,Interdependence Theory,InterdependenceTheory
https://hypergraphia.com/ScholarlyStanzas/songs/InterpersonalDeceptionTheory/,Interpersonal Communication,Interpersonal Deception Theory,InterpersonalDeceptionTheory
https://hypergraphia.com/ScholarlyStanzas/songs/InterpersonalInfluenceTheory/,Interpersonal Communication,Interpersonal Influence Theory,InterpersonalInfluenceTheory
https://hypergraphia.com/ScholarlyStanzas/songs/IntersubjectivityTheory/,Interpersonal Communication,Intersubjectivity Theory,IntersubjectivityTheory
https://hypergraphia.com/ScholarlyStanzas/songs/NegotiationTheory/,Interpersonal Communication,Negotiation Theory,NegotiationTheory
https://hypergraphia.com/ScholarlyStanzas/songs/PolitenessTheory/,Interpersonal Communication,Politeness Theory,PolitenessTheory
https://hypergraphia.com/ScholarlyStanzas/songs/PrivacyManagementTheory/,Interpersonal Communication,Privacy Management Theory,PrivacyManagementTheory
https://hypergraphia.com/ScholarlyStanzas/songs/RapportManagementTheory/,Interpersonal Communication,Rapport Management Theory,RapportManagementTheory
https://hypergraphia.com/ScholarlyStanzas/songs/RelationalDialecticsTheory/,Interpersonal Communication,Relational Dialectics Theory,RelationalDialecticsTheory
https://hypergraphia.com/ScholarlyStanzas/songs/RelationalMaintenanceStrategies/,Interpersonal Communication,Relational Maintenance Strategies,RelationalMaintenanceStrategies
https://hypergraphia.com/ScholarlyStanzas/songs/RelationshipDevelopmentStages/,Interpersonal Communication,Relationship Development Stages,RelationshipDevelopmentStages
https://hypergraphia.com/ScholarlyStanzas/songs/SocialExchangeTheory/,Interpersonal Communication,Social Exchange Theory,SocialExchangeTheory
https://hypergraphia.com/ScholarlyStanzas/songs/SocialIdentityModelofDeindividuationEffects/,Interpersonal Communication,Social Identity Model of Deindividuation Effects,SocialIdentityModelofDeindividuationEffects
https://hypergraphia.com/ScholarlyStanzas/songs/SocialPenetrationTheory/,Interpersonal Communication,Social Penetration Theory,SocialPenetrationTheory
https://hypergraphia.com/ScholarlyStanzas/songs/TurningPointAnalysis/,Interpersonal Communication,Turning Point Analysis,TurningPointAnalysis
https://hypergraphia.com/ScholarlyStanzas/songs/UncertaintyManagementTheory/,Interpersonal Communication,Uncertainty Management Theory,UncertaintyManagementTheory
https://hypergraphia.com/ScholarlyStanzas/songs/UncertaintyReductionTheory/,Interpersonal Communication,Uncertainty Reduction Theory,UncertaintyReductionTheory
https://hypergraphia.com/ScholarlyStanzas/songs/WeakTiesTheory/,Interpersonal Communication,Weak Ties Theory,WeakTiesTheory
https://hypergraphia.com/ScholarlyStanzas/songs/AffectiveForecastingTheory/,Intrapersonal Communication,Affective Forecasting Theory,AffectiveForecastingTheory
https://hypergraphia.com/ScholarlyStanzas/songs/CognitiveAppraisalTheory/,Intrapersonal Communication,Cognitive Appraisal Theory,CognitiveAppraisalTheory
https://hypergraphia.com/ScholarlyStanzas/songs/CognitiveBehavioralTheory/,Intrapersonal Communication,Cognitive Behavioral Theory,CognitiveBehavioralTheory
https://hypergraphia.com/ScholarlyStanzas/songs/ConstrualLevelTheory/,Intrapersonal Communication,Construal Level Theory,ConstrualLevelTheory
https://hypergraphia.com/ScholarlyStanzas/songs/EmotionRegulationTheory/,Intrapersonal Communication,Emotion Regulation Theory,EmotionRegulationTheory
https://hypergraphia.com/ScholarlyStanzas/songs/EmotionalIntelligenceTheory/,Intrapersonal Communication,Emotional Intelligence Theory,EmotionalIntelligenceTheory
https://hypergraphia.com/ScholarlyStanzas/songs/InnerSpeechTheory/,Intrapersonal Communication,Inner Speech Theory,InnerSpeechTheory
https://hypergraphia.com/ScholarlyStanzas/songs/LearnedHelplessnessTheory/,Intrapersonal Communication,Learned Helplessness Theory,LearnedHelplessnessTheory
https://hypergraphia.com/ScholarlyStanzas/songs/MentalNoiseTheory/,Intrapersonal Communication,Mental Noise Theory,MentalNoiseTheory
https://hypergraphia.com/ScholarlyStanzas/songs/MindfulnessTheory/,Intrapersonal Communication,Mindfulness Theory,MindfulnessTheory
https://hypergraphia.com/ScholarlyStanzas/songs/PersonalConstructTheory/,Intrapersonal Communication,Personal Construct Theory,PersonalConstructTheory
https://hypergraphia.com/ScholarlyStanzas/songs/RuminationTheory/,Intrapersonal Communication,Rumination Theory,RuminationTheory
https://hypergraphia.com/ScholarlyStanzas/songs/SocialComparisonTheory/,Intrapersonal Communication,Social Comparison Theory,SocialComparisonTheory
https://hypergraphia.com/ScholarlyStanzas/songs/TheSpotlightEffect/,Intrapersonal Communication,The Spotlight Effect,TheSpotlightEffect
https://hypergraphia.com/ScholarlyStanzas/songs/TheoryofMind/,Intrapersonal Communication,Theory of Mind,TheoryofMind
https://hypergraphia.com/ScholarlyStanzas/songs/AccommodationTheory/,Language and Social Interaction,Accommodation Theory,AccommodationTheory
https://hypergraphia.com/ScholarlyStanzas/songs/BilingualismandSocialInteraction/,Language and Social Interaction,Bilingualism and Social Interaction,BilingualismandSocialInteraction
https://hypergraphia.com/ScholarlyStanzas/songs/ConversationAnalysis/,Language and Social Interaction,Conversation Analysis,ConversationAnalysis
https://hypergraphia.com/ScholarlyStanzas/songs/CriticalLanguageAwarenessTheory/,Language and Social Interaction,Critical Language Awareness Theory,CriticalLanguageAwarenessTheory
https://hypergraphia.com/ScholarlyStanzas/songs/DiscourseandIdentityTheory/,Language and Social Interaction,Discourse and Identity Theory,DiscourseandIdentityTheory
https://hypergraphia.com/ScholarlyStanzas/songs/DiscursivePsychology/,Language and Social Interaction,Discursive Psychology,DiscursivePsychology
https://hypergraphia.com/ScholarlyStanzas/songs/Ethnomethodology/,Language and Social Interaction,Ethnomethodology,Ethnomethodology
https://hypergraphia.com/ScholarlyStanzas/songs/GoffmansInteractionOrder/,Language and Social Interaction,Goffman's Interaction Order,GoffmansInteractionOrder
https://hypergraphia.com/ScholarlyStanzas/songs/GroundedTheoryandLanguageInteraction/,Language and Social Interaction,Grounded Theory and Language Interaction,GroundedTheoryandLanguageInteraction
https://hypergraphia.com/ScholarlyStanzas/songs/LinguisticAnthropology/,Language and Social Interaction,Linguistic Anthropology,LinguisticAnthropology
https://hypergraphia.com/ScholarlyStanzas/songs/LinguisticLandscapeTheory/,Language and Social Interaction,Linguistic Landscape Theory,LinguisticLandscapeTheory
https://hypergraphia.com/ScholarlyStanzas/songs/MembershipCategorizationAnalysis/,Language and Social Interaction,Membership Categorization Analysis,MembershipCategorizationAnalysis
https://hypergraphia.com/ScholarlyStanzas/songs/MetaphorTheory/,Language and Social Interaction,Metaphor Theory,MetaphorTheory
https://hypergraphia.com/ScholarlyStanzas/songs/MultilingualismandSocialInteraction/,Language and Social Interaction,Multilingualism and Social Interaction,MultilingualismandSocialInteraction

https://hypergraphia.com/ScholarlyStanzas/songs/SecondLanguageAcquisitionandSocialInteraction/
Language and Social Interaction,
Second Language Acquisition and Social Interaction
SecondLanguageAcquisitionandSocialInteraction
https://hypergraphia.com/ScholarlyStanzas/songs/SmallStoriesApproach/,Language and Social Interaction,Small Stories Approach,SmallStoriesApproach
https://hypergraphia.com/ScholarlyStanzas/songs/SpeechActTheory/,Language and Social Interaction,Speech Act Theory,SpeechActTheory
https://hypergraphia.com/ScholarlyStanzas/songs/SpeechCommunityTheory/,Language and Social Interaction,Speech Community Theory,SpeechCommunityTheory
https://hypergraphia.com/ScholarlyStanzas/songs/TranslanguagingTheory/,Language and Social Interaction,Translanguaging Theory,TranslanguagingTheory
https://hypergraphia.com/ScholarlyStanzas/songs/ActiveAudienceTheory/,Mass Communication,Active Audience Theory,ActiveAudienceTheory
https://hypergraphia.com/ScholarlyStanzas/songs/CultivationTheory/,Mass Communication,Cultivation Theory,CultivationTheory
https://hypergraphia.com/ScholarlyStanzas/songs/HypodermicNeedleTheory/,Mass Communication,Hypodermic Needle Theory,HypodermicNeedleTheory
https://hypergraphia.com/ScholarlyStanzas/songs/MainstreamingTheory/,Mass Communication,Mainstreaming Theory,MainstreamingTheory
https://hypergraphia.com/ScholarlyStanzas/songs/ConvergenceCultureTheory/,Media Studies,Convergence Culture Theory,ConvergenceCultureTheory
https://hypergraphia.com/ScholarlyStanzas/songs/DigitalInequalityTheory/,Media Studies,Digital Inequality Theory,DigitalInequalityTheory
https://hypergraphia.com/ScholarlyStanzas/songs/DigitalLiteracyTheory/,Media Studies,Digital Literacy Theory,DigitalLiteracyTheory
https://hypergraphia.com/ScholarlyStanzas/songs/FandomTheory/,Media Studies,Fandom Theory,FandomTheory
https://hypergraphia.com/ScholarlyStanzas/songs/FilmTheoryandAnalysis/,Media Studies,Film Theory and Analysis,FilmTheoryandAnalysis
https://hypergraphia.com/ScholarlyStanzas/songs/FilterBubbleTheory/,Media Studies,Filter Bubble Theory,FilterBubbleTheory
https://hypergraphia.com/ScholarlyStanzas/songs/MediaBiasTheory/,Media Studies,Media Bias Theory,MediaBiasTheory
https://hypergraphia.com/ScholarlyStanzas/songs/MediaConvergenceTheory/,Media Studies,Media Convergence Theory,MediaConvergenceTheory
https://hypergraphia.com/ScholarlyStanzas/songs/MediaDependencyTheory/,Media Studies,Media Dependency Theory,MediaDependencyTheory
https://hypergraphia.com/ScholarlyStanzas/songs/MediaEcologyTheory/,Media Studies,Media Ecology Theory,MediaEcologyTheory
https://hypergraphia.com/ScholarlyStanzas/songs/MediaFramingTheory/,Media Studies,Media Framing Theory,MediaFramingTheory
https://hypergraphia.com/ScholarlyStanzas/songs/MediaHegemonyTheory/,Media Studies,Media Hegemony Theory,MediaHegemonyTheory
https://hypergraphia.com/ScholarlyStanzas/songs/MediaImperialismTheory/,Media Studies,Media Imperialism Theory,MediaImperialismTheory
https://hypergraphia.com/ScholarlyStanzas/songs/MediaLiteracyTheory/,Media Studies,Media Literacy Theory,MediaLiteracyTheory
https://hypergraphia.com/ScholarlyStanzas/songs/MediaLogicTheory/,Media Studies,Media Logic Theory,MediaLogicTheory
https://hypergraphia.com/ScholarlyStanzas/songs/MediaNaturalnessTheory/,Media Studies,Media Naturalness Theory,MediaNaturalnessTheory
https://hypergraphia.com/ScholarlyStanzas/songs/MediaPerformanceTheory/,Media Studies,Media Performance Theory,MediaPerformanceTheory
https://hypergraphia.com/ScholarlyStanzas/songs/MediaProductionStudies/,Media Studies,Media Production Studies,MediaProductionStudies
https://hypergraphia.com/ScholarlyStanzas/songs/MediaSystemDependencyTheory/,Media Studies,Media System Dependency Theory,MediaSystemDependencyTheory
https://hypergraphia.com/ScholarlyStanzas/songs/MediatedDiscourseTheory/,Media Studies,Mediated Discourse Theory,MediatedDiscourseTheory
https://hypergraphia.com/ScholarlyStanzas/songs/MediatizationTheory/,Media Studies,Mediatization Theory,MediatizationTheory
https://hypergraphia.com/ScholarlyStanzas/songs/NetworkSocietyTheory/,Media Studies,Network Society Theory,NetworkSocietyTheory
https://hypergraphia.com/ScholarlyStanzas/songs/PropagandaModel/,Media Studies,Propaganda Model,PropagandaModel
https://hypergraphia.com/ScholarlyStanzas/songs/TheHostileMediaPhenomenon/,Media Studies,The Hostile Media Phenomenon,TheHostileMediaPhenomenon
https://hypergraphia.com/ScholarlyStanzas/songs/AlgorithmicCultureTheory/,New Media,Algorithmic Culture Theory,AlgorithmicCultureTheory
https://hypergraphia.com/ScholarlyStanzas/songs/HypertextTheory/,New Media,Hypertext Theory,HypertextTheory
https://hypergraphia.com/ScholarlyStanzas/songs/MobileCommunicationTheory/,New Media,Mobile Communication Theory,MobileCommunicationTheory
https://hypergraphia.com/ScholarlyStanzas/songs/ParticipatoryCultureTheory/,New Media,Participatory Culture Theory,ParticipatoryCultureTheory
https://hypergraphia.com/ScholarlyStanzas/songs/PlatformStudies/,New Media,Platform Studies,PlatformStudies
https://hypergraphia.com/ScholarlyStanzas/songs/Web20Theory/,New Media,Web 2.0 Theory,Web20Theory
https://hypergraphia.com/ScholarlyStanzas/songs/Chronemics/,Nonverbal Communication,Chronemics,Chronemics
https://hypergraphia.com/ScholarlyStanzas/songs/FacialFeedbackHypothesis/,Nonverbal Communication,Facial Feedback Hypothesis,FacialFeedbackHypothesis
https://hypergraphia.com/ScholarlyStanzas/songs/Haptics/,Nonverbal Communication,Haptics,Haptics
https://hypergraphia.com/ScholarlyStanzas/songs/Kinesics/,Nonverbal Communication,Kinesics,Kinesics
https://hypergraphia.com/ScholarlyStanzas/songs/Proxemics/,Nonverbal Communication,Proxemics,Proxemics
https://hypergraphia.com/ScholarlyStanzas/songs/ProxemicsandSpatialBehavior/,Nonverbal Communication,Proxemics and Spatial Behavior,ProxemicsandSpatialBehavior
https://hypergraphia.com/ScholarlyStanzas/songs/AdaptiveStructurationTheory/,Organizational Communication,Adaptive Structuration Theory,AdaptiveStructurationTheory
https://hypergraphia.com/ScholarlyStanzas/songs/BoundarySpanningTheory/,Organizational Communication,Boundary Spanning Theory,BoundarySpanningTheory
https://hypergraphia.com/ScholarlyStanzas/songs/CommunitiesofPracticeTheory/,Organizational Communication,Communities of Practice Theory,CommunitiesofPracticeTheory
https://hypergraphia.com/ScholarlyStanzas/songs/ContingencyTheory/,Organizational Communication,Contingency Theory,ContingencyTheory
https://hypergraphia.com/ScholarlyStanzas/songs/CulturalApproachtoOrganizations/,Organizational Communication,Cultural Approach to Organizations,CulturalApproachtoOrganizations
https://hypergraphia.com/ScholarlyStanzas/songs/DistributedLeadershipTheory/,Organizational Communication,Distributed Leadership Theory,DistributedLeadershipTheory
https://hypergraphia.com/ScholarlyStanzas/songs/InformationManagementTheory/,Organizational Communication,Information Management Theory,InformationManagementTheory
https://hypergraphia.com/ScholarlyStanzas/songs/InformationSystemsSuccessModel/,Organizational Communication,Information Systems Success Model,InformationSystemsSuccessModel
https://hypergraphia.com/ScholarlyStanzas/songs/InteractionalJusticeTheory/,Organizational Communication,Interactional Justice Theory,InteractionalJusticeTheory
https://hypergraphia.com/ScholarlyStanzas/songs/KarlWeicksSensemakingTheory/,Organizational Communication,Karl Weick's Sensemaking Theory,KarlWeicksSensemakingTheory
https://hypergraphia.com/ScholarlyStanzas/songs/NormalAccidentTheory/,Organizational Communication,Normal Accident Theory,NormalAccidentTheory
https://hypergraphia.com/ScholarlyStanzas/songs/OrganizationalAssimilationTheory/,Organizational Communication,Organizational Assimilation Theory,OrganizationalAssimilationTheory
https://hypergraphia.com/ScholarlyStanzas/songs/OrganizationalCultureTheory/,Organizational Communication,Organizational Culture Theory,OrganizationalCultureTheory
https://hypergraphia.com/ScholarlyStanzas/songs/OrganizationalEcologyTheory/,Organizational Communication,Organizational Ecology Theory,OrganizationalEcologyTheory
https://hypergraphia.com/ScholarlyStanzas/songs/OrganizationalIdentificationTheory/,Organizational Communication,Organizational Identification Theory,OrganizationalIdentificationTheory
https://hypergraphia.com/ScholarlyStanzas/songs/OrganizationalLearningTheory/,Organizational Communication,Organizational Learning Theory,OrganizationalLearningTheory
https://hypergraphia.com/ScholarlyStanzas/songs/ResourceDependencyTheory/,Organizational Communication,Resource Dependency Theory,ResourceDependencyTheory
https://hypergraphia.com/ScholarlyStanzas/songs/ServantLeadershipTheory/,Organizational Communication,Servant Leadership Theory,ServantLeadershipTheory
https://hypergraphia.com/ScholarlyStanzas/songs/StakeholderTheory/,Organizational Communication,Stakeholder Theory,StakeholderTheory
https://hypergraphia.com/ScholarlyStanzas/songs/SystemsTheory/,Organizational Communication,Systems Theory,SystemsTheory
https://hypergraphia.com/ScholarlyStanzas/songs/TransactionalLeadershipTheory/,Organizational Communication,Transactional Leadership Theory,TransactionalLeadershipTheory
https://hypergraphia.com/ScholarlyStanzas/songs/TransformationalLeadershipTheory/,Organizational Communication,Transformational Leadership Theory,TransformationalLeadershipTheory
https://hypergraphia.com/ScholarlyStanzas/songs/WebersBureaucracyTheory/,Organizational Communication,Weber's Bureaucracy Theory,WebersBureaucracyTheory
https://hypergraphia.com/ScholarlyStanzas/songs/AnchoringBiasTheory/,Persuasion and Social Influence,Anchoring Bias Theory,AnchoringBiasTheory
https://hypergraphia.com/ScholarlyStanzas/songs/AuthorityPrinciple/,Persuasion and Social Influence,Authority Principle,AuthorityPrinciple
https://hypergraphia.com/ScholarlyStanzas/songs/BoomerangEffectTheory/,Persuasion and Social Influence,Boomerang Effect Theory,BoomerangEffectTheory
https://hypergraphia.com/ScholarlyStanzas/songs/CentralandPeripheralRoutestoPersuasion/,Persuasion and Social Influence,Central and Peripheral Routes to Persuasion,CentralandPeripheralRoutestoPersuasion
https://hypergraphia.com/ScholarlyStanzas/songs/CommitmentandConsistencyPrinciple/,Persuasion and Social Influence,Commitment and Consistency Principle,CommitmentandConsistencyPrinciple
https://hypergraphia.com/ScholarlyStanzas/songs/ConsistencyTheory/,Persuasion and Social Influence,Consistency Theory,ConsistencyTheory
https://hypergraphia.com/ScholarlyStanzas/songs/ElaborationLikelihoodModel/,Persuasion and Social Influence,Elaboration Likelihood Model,ElaborationLikelihoodModel
https://hypergraphia.com/ScholarlyStanzas/songs/FearAppealsTheory/,Persuasion and Social Influence,Fear Appeals Theory,FearAppealsTheory
https://hypergraphia.com/ScholarlyStanzas/songs/FramingandReframingStrategies/,Persuasion and Social Influence,Framing and Reframing Strategies,FramingandReframingStrategies
https://hypergraphia.com/ScholarlyStanzas/songs/FramingTheory/,Persuasion and Social Influence,Framing Theory,FramingTheory
https://hypergraphia.com/ScholarlyStanzas/songs/InoculationTheory/,Persuasion and Social Influence,Inoculation Theory,InoculationTheory
https://hypergraphia.com/ScholarlyStanzas/songs/LossAversionTheory/,Persuasion and Social Influence,Loss Aversion Theory,LossAversionTheory
https://hypergraphia.com/ScholarlyStanzas/songs/LowballTechnique/,Persuasion and Social Influence,Lowball Technique,LowballTechnique
https://hypergraphia.com/ScholarlyStanzas/songs/MereExposureEffectTheory/,Persuasion and Social Influence,Mere Exposure Effect Theory,MereExposureEffectTheory
https://hypergraphia.com/ScholarlyStanzas/songs/NarrativePersuasionTheory/,Persuasion and Social Influence,Narrative Persuasion Theory,NarrativePersuasionTheory
https://hypergraphia.com/ScholarlyStanzas/songs/PsychologicalReactanceTheory/,Persuasion and Social Influence,Psychological Reactance Theory,PsychologicalReactanceTheory
https://hypergraphia.com/ScholarlyStanzas/songs/ReasonedActionTheory/,Persuasion and Social Influence,Reasoned Action Theory,ReasonedActionTheory
https://hypergraphia.com/ScholarlyStanzas/songs/ReciprocityPrinciple/,Persuasion and Social Influence,Reciprocity Principle,ReciprocityPrinciple
https://hypergraphia.com/ScholarlyStanzas/songs/ReinforcementTheory/,Persuasion and Social Influence,Reinforcement Theory,ReinforcementTheory
https://hypergraphia.com/ScholarlyStanzas/songs/ScarcityPrinciple/,Persuasion and Social Influence,Scarcity Principle,ScarcityPrinciple
https://hypergraphia.com/ScholarlyStanzas/songs/SleeperEffectTheory/,Persuasion and Social Influence,Sleeper Effect Theory,SleeperEffectTheory
https://hypergraphia.com/ScholarlyStanzas/songs/SocialInfluenceModel/,Persuasion and Social Influence,Social Influence Model,SocialInfluenceModel
https://hypergraphia.com/ScholarlyStanzas/songs/SocialInfluenceModelofTechnologyAdoption/,Persuasion and Social Influence,Social Influence Model of Technology Adoption,SocialInfluenceModelofTechnologyAdoption
https://hypergraphia.com/ScholarlyStanzas/songs/SocialJudgmentTheory/,Persuasion and Social Influence,Social Judgment Theory,SocialJudgmentTheory
https://hypergraphia.com/ScholarlyStanzas/songs/SocialMarketingTheory/,Persuasion and Social Influence,Social Marketing Theory,SocialMarketingTheory
https://hypergraphia.com/ScholarlyStanzas/songs/SourceCredibilityTheory/,Persuasion and Social Influence,Source Credibility Theory,SourceCredibilityTheory
https://hypergraphia.com/ScholarlyStanzas/songs/TheBandwagonEffect/,Persuasion and Social Influence,The Bandwagon Effect,TheBandwagonEffect
https://hypergraphia.com/ScholarlyStanzas/songs/TheUnderdogEffect/,Persuasion and Social Influence,The Underdog Effect,TheUnderdogEffect
https://hypergraphia.com/ScholarlyStanzas/songs/TheoryofPlannedBehavior/,Persuasion and Social Influence,Theory of Planned Behavior,TheoryofPlannedBehavior
https://hypergraphia.com/ScholarlyStanzas/songs/TheoryofReasonedAction/,Persuasion and Social Influence,Theory of Reasoned Action,TheoryofReasonedAction
https://hypergraphia.com/ScholarlyStanzas/songs/DeliberativeDemocracyTheory/,Political Communication,Deliberative Democracy Theory,DeliberativeDemocracyTheory
https://hypergraphia.com/ScholarlyStanzas/songs/GerrymanderingStrategies/,Political Communication,Gerrymandering Strategies,GerrymanderingStrategies
https://hypergraphia.com/ScholarlyStanzas/songs/GrassrootsCampaigning/,Political Communication,Grassroots Campaigning,GrassrootsCampaigning
https://hypergraphia.com/ScholarlyStanzas/songs/IssueOwnershipTheory/,Political Communication,Issue Ownership Theory,IssueOwnershipTheory
https://hypergraphia.com/ScholarlyStanzas/songs/IssueSalienceTheory/,Political Communication,Issue Salience Theory,IssueSalienceTheory
https://hypergraphia.com/ScholarlyStanzas/songs/Microtargeting/,Political Communication,Microtargeting,Microtargeting
https://hypergraphia.com/ScholarlyStanzas/songs/OppositionResearch/,Political Communication,Opposition Research,OppositionResearch
https://hypergraphia.com/ScholarlyStanzas/songs/PoliticalEconomyofCommunication/,Political Communication,Political Economy of Communication,PoliticalEconomyofCommunication
https://hypergraphia.com/ScholarlyStanzas/songs/PoliticalMarketingTheory/,Political Communication,Political Marketing Theory,PoliticalMarketingTheory
https://hypergraphia.com/ScholarlyStanzas/songs/PoliticalSocializationTheory/,Political Communication,Political Socialization Theory,PoliticalSocializationTheory
https://hypergraphia.com/ScholarlyStanzas/songs/PushPolling/,Political Communication,Push Polling,PushPolling
https://hypergraphia.com/ScholarlyStanzas/songs/SurrogateCampaigning/,Political Communication,Surrogate Campaigning,SurrogateCampaigning
https://hypergraphia.com/ScholarlyStanzas/songs/SwiftBoating/,Political Communication,Swift Boating,SwiftBoating
https://hypergraphia.com/ScholarlyStanzas/songs/VoterSuppressionStrategies/,Political Communication,Voter Suppression Strategies,VoterSuppressionStrategies
https://hypergraphia.com/ScholarlyStanzas/songs/WedgeIssueStrategies/,Political Communication,Wedge Issue Strategies,WedgeIssueStrategies
https://hypergraphia.com/ScholarlyStanzas/songs/Astroturfing/,Public Relations,Astroturfing,Astroturfing
https://hypergraphia.com/ScholarlyStanzas/songs/DigitalCampaigningStrategies/,Public Relations,Digital Campaigning Strategies,DigitalCampaigningStrategies
https://hypergraphia.com/ScholarlyStanzas/songs/NationBrandingTheory/,Public Relations,Nation Branding Theory,NationBrandingTheory
https://hypergraphia.com/ScholarlyStanzas/songs/PublicInformationModel/,Public Relations,Public Information Model,PublicInformationModel
https://hypergraphia.com/ScholarlyStanzas/songs/SocialMediaCampaigning/,Public Relations,Social Media Campaigning,SocialMediaCampaigning
https://hypergraphia.com/ScholarlyStanzas/songs/AristotlesRhetoric/,Rhetoric,Aristotle's Rhetoric,AristotlesRhetoric
https://hypergraphia.com/ScholarlyStanzas/songs/CicerosFiveCanonsofRhetoric/,Rhetoric,Cicero's Five Canons of Rhetoric,CicerosFiveCanonsofRhetoric
https://hypergraphia.com/ScholarlyStanzas/songs/CriticalRhetoricTheory/,Rhetoric,Critical Rhetoric Theory,CriticalRhetoricTheory
https://hypergraphia.com/ScholarlyStanzas/songs/GenreTheoryinRhetoric/,Rhetoric,Genre Theory in Rhetoric,GenreTheoryinRhetoric
https://hypergraphia.com/ScholarlyStanzas/songs/LloydBitzersRhetoricalSituation/,Rhetoric,Lloyd Bitzer's Rhetorical Situation,LloydBitzersRhetoricalSituation
https://hypergraphia.com/ScholarlyStanzas/songs/RhetoricofScience/,Rhetoric,Rhetoric of Science,RhetoricofScience
https://hypergraphia.com/ScholarlyStanzas/songs/RhetoricalCriticism/,Rhetoric,Rhetorical Criticism,RhetoricalCriticism
https://hypergraphia.com/ScholarlyStanzas/songs/IntegratedRiskManagementFramework/,Risk Communication,Integrated Risk Management Framework,IntegratedRiskManagementFramework
https://hypergraphia.com/ScholarlyStanzas/songs/SocialAmplificationofRiskFramework/,Risk communication,Social Amplification of Risk Framework,SocialAmplificationofRiskFramework
https://hypergraphia.com/ScholarlyStanzas/songs/PublicUnderstandingofScience/,Science Communication,Public Understanding of Science,PublicUnderstandingofScience
https://hypergraphia.com/ScholarlyStanzas/songs/SocialConstructionofScientificKnowledge/,Science Communication,Social Construction of Scientific Knowledge,SocialConstructionofScientificKnowledge
https://hypergraphia.com/ScholarlyStanzas/songs/PictorialSemiotics/,Semiotics and Semiology,Pictorial Semiotics,PictorialSemiotics
https://hypergraphia.com/ScholarlyStanzas/songs/SemiologyofGraphics/,Semiotics and Semiology,Semiology of Graphics,SemiologyofGraphics
https://hypergraphia.com/ScholarlyStanzas/songs/StrengthofWeakTiesTheory/,Social Networks and Interpersonal Relationships,Strength of Weak Ties Theory,StrengthofWeakTiesTheory
https://hypergraphia.com/ScholarlyStanzas/songs/SpeechCodesTheory/,Speech and Language Pathology,Speech Codes Theory,SpeechCodesTheory
https://hypergraphia.com/ScholarlyStanzas/songs/ColorTheory/,Visual Communication,Color Theory,ColorTheory
https://hypergraphia.com/ScholarlyStanzas/songs/DataVisualizationTheory/,Visual Communication,Data Visualization Theory,DataVisualizationTheory
https://hypergraphia.com/ScholarlyStanzas/songs/GraphicDesignTheory/,Visual Communication,Graphic Design Theory,GraphicDesignTheory
https://hypergraphia.com/ScholarlyStanzas/songs/InformationVisualizationTheory/,Visual Communication,Information Visualization Theory,InformationVisualizationTheory
https://hypergraphia.com/ScholarlyStanzas/songs/VisualRhetoricTheory/,Visual Communication,Visual Rhetoric Theory,VisualRhetoricTheory